first,last,team,cost,total_points,goals_scored,assists,clean_sheets,minutes,popularity,play_chance
Fábio,Ferreira Vieira,1,5.4,0,0,0,0,0,0.0,0.0
Gabriel,Fernando de Jesus,1,6.5,42,3,2,2,600,1.0,0.0
Gabriel,dos Santos Magalhães,1,6.2,117,3,2,10,2363,12.3,0.0
Kai,Havertz,1,7.7,96,9,3,7,1853,5.7,75.0
Karl,Hein,1,4.0,0,0,0,0,0,0.0,0.0
Jurriën,Timber,1,5.6,114,1,3,11,2415,5.4,75.0
Jorge Luiz,Frello Filho,1,4.6,20,0,0,2,701,0.2,100.0
Jakub,Kiwior,1,4.8,41,1,0,3,1027,2.2,
Gabriel,Martinelli Silva,1,6.5,123,8,4,10,2214,2.8,100.0
Ethan,Nwaneri,1,4.3,64,4,2,4,808,1.5,100.0
Martin,Ødegaard,1,8.2,109,2,9,11,2306,5.1,100.0
David,Raya Martin,1,5.5,140,0,0,13,3330,30.7,100.0
Declan,Rice,1,6.2,125,4,7,11,2733,3.3,75.0
Bukayo,Saka,1,10.3,126,6,11,7,1697,17.3,100.0
William,Saliba,1,6.5,130,2,0,12,3039,30.6,100.0
Thomas,Partey,1,4.9,106,4,3,9,2703,0.7,100.0
Kieran,Tierney,1,4.3,17,0,0,1,188,0.1,100.0
Tomiyasu,Takehiro,1,4.8,1,0,0,0,6,0.0,0.0
Leandro,Trossard,1,6.7,148,8,7,11,2519,3.6,75.0
Benjamin,White,1,6.1,45,0,1,5,1105,2.3,100.0
Oleksandr,Zinchenko,1,4.8,38,0,1,4,449,0.9,100.0
Norberto,Murara Neto,1,4.1,7,0,0,0,180,0.7,100.0
Raheem,Sterling,1,6.7,24,0,2,1,428,0.8,100.0
Riccardo,Calafiori,1,5.8,39,2,1,1,978,1.2,100.0
Myles,Lewis-Skelly,1,4.5,36,1,0,5,1342,0.4,100.0
Mikel,Merino,1,6.0,90,7,2,4,1485,1.5,100.0
Salah-Eddine,Oulad M'hand,1,4.5,0,0,0,0,0,0.0,
Tommy,Setford,1,4.5,0,0,0,0,0,0.1,
Maldini,Kacurri,1,4.0,0,0,0,0,0,0.1,0.0
Ismeal,Kabia,1,4.5,0,0,0,0,0,0.0,
Josh,Nichols,1,4.0,0,0,0,0,0,0.1,
Nathan,Butler-Oyedeji,1,4.5,1,0,0,0,6,0.2,
Mikel,Arteta,1,1.5,96,0,0,0,0,2.4,
Jack,Porter,1,4.0,0,0,0,0,0,0.0,
Jimi,Gower,1,4.5,0,0,0,0,0,0.0,
Jack,Henry-Francis,1,4.5,0,0,0,0,0,0.0,
Brayden,Clarke,1,4.0,0,0,0,0,0,0.0,
Leon,Bailey,2,6.2,47,1,2,2,1132,0.8,100.0
Ross,Barkley,2,5.2,43,3,1,1,561,0.2,100.0
Enzo,Barrenechea,2,4.9,0,0,0,0,0,0.0,0.0
Emiliano,Buendía Stati,2,5.1,11,0,0,0,89,0.1,0.0
Matty,Cash,2,4.4,75,1,1,7,1979,1.5,100.0
Leander,Dendoncker,2,4.5,0,0,0,0,0,0.2,0.0
Moussa,Diaby,2,6.5,0,0,0,0,0,0.0,0.0
Diego Carlos,Santos Silva,2,4.5,21,0,0,2,828,0.3,0.0
Lucas,Digne,2,4.4,89,0,5,6,2348,5.8,
Lewis,Dobbin,2,5.0,0,0,0,0,0,0.0,0.0
Jhon,Durán,2,5.7,53,7,0,2,622,1.6,0.0
Joe,Gauci,2,4.0,0,0,0,0,0,0.5,0.0
Kortney,Hause,2,3.9,0,0,0,0,0,0.5,
Samuel,Iling-Junior,2,5.4,0,0,0,0,0,0.0,0.0
Boubacar,Kamara,2,5.0,55,1,0,6,1637,0.0,100.0
Kaine,Kesler-Hayden,2,4.0,0,0,0,0,0,0.0,0.0
Ezri,Konsa Ngoyo,2,4.4,102,2,0,8,2846,8.4,100.0
Ian,Maatsen,2,4.5,56,1,2,3,1035,1.6,100.0
Filip,Marschall,2,4.0,0,0,0,0,0,0.0,0.0
Emiliano,Martínez Romero,2,5.0,113,0,0,8,3150,13.1,100.0
John,McGinn,2,5.2,75,1,4,7,2156,0.7,100.0
Tyrone,Mings,2,4.4,47,0,1,4,1119,0.2,100.0
Kosta,Nedeljković,2,3.9,5,0,0,0,121,0.5,0.0
Robin,Olsen,2,4.5,8,0,0,1,180,0.1,100.0
Pau,Torres,2,4.2,55,0,0,5,1929,0.8,100.0
Jacob,Ramsey,2,5.4,65,1,4,5,1589,0.3,100.0
Morgan,Rogers,2,5.8,160,8,11,10,3032,26.0,100.0
Viljami,Sinisalo,2,4.0,0,0,0,0,0,0.0,0.0
Lino,da Cruz Sousa,2,4.0,0,0,0,0,0,0.0,0.0
Youri,Tielemans,2,5.5,120,3,7,7,2997,1.1,25.0
Ollie,Watkins,2,9.1,184,16,8,10,2503,25.6,100.0
Axel,Disasi,2,4.2,33,1,0,3,851,0.4,100.0
Amadou,Onana,2,4.8,62,3,0,5,1551,2.1,100.0
Marcus,Rashford,2,6.6,95,6,4,7,1414,4.0,0.0
Lamare,Bogarde,2,3.9,6,0,0,0,473,0.2,
Sil,Swinkels,2,4.0,0,0,0,0,0,0.1,0.0
Oliwier,Zych,2,4.0,0,0,0,0,0,0.5,
Kadan,Young,2,4.4,0,0,0,0,0,0.2,0.0
Ben,Broggio,2,4.5,0,0,0,0,0,0.0,
Jamaldeen,Jimoh,2,4.5,0,0,0,0,0,0.0,
Donyell,Malen,2,5.3,33,3,0,0,290,0.2,
Andrés,García,2,4.5,8,0,0,0,316,0.1,
Unai,Emery,2,0.8,105,0,0,0,0,7.5,
Marco,Asensio,2,6.1,43,3,2,3,695,2.7,
Max,Aarons,3,4.3,8,0,0,1,84,0.1,0.0
Tyler,Adams,3,4.9,53,0,3,5,1779,0.1,100.0
Jaidon,Anthony,3,4.5,0,0,0,0,0,0.1,0.0
David,Brooks,3,4.9,48,2,1,2,834,0.0,100.0
Ryan,Christie,3,4.8,76,2,3,8,2114,0.1,0.0
Lewis,Cook,3,5.0,83,1,4,5,2904,0.1,100.0
Enes,Ünal,3,5.4,32,2,1,2,330,0.1,0.0
Romain,Faivre,3,5.0,0,0,0,0,0,0.0,0.0
Hamed,Traorè,3,4.5,0,0,0,0,0,0.0,0.0
James,Hill,3,3.9,17,0,1,1,443,0.5,100.0
Daniel,Jebbison,3,4.5,13,0,0,0,71,1.0,100.0
Milos,Kerkez,3,5.2,127,2,6,8,3164,17.3,100.0
Justin,Kluivert,3,5.9,154,12,6,12,2204,10.5,100.0
Chris,Mepham,3,4.4,0,0,0,0,0,0.0,0.0
Dango,Ouattara,3,4.6,111,7,4,7,1998,1.0,0.0
Alex,Paulsen,3,4.0,0,0,0,0,0,0.0,0.0
Philip,Billing,3,4.8,10,0,0,0,176,0.0,0.0
Alex,Scott,3,4.7,25,0,0,3,744,0.0,0.0
Antoine,Semenyo,3,5.7,147,9,7,10,3022,7.1,100.0
Marcos,Senesi,3,4.6,25,0,0,1,1026,0.3,100.0
Luis,Sinisterra,3,4.8,23,1,1,0,229,0.1,0.0
Adam,Smith,3,4.4,50,0,0,5,1475,0.1,100.0
Marcus,Tavernier,3,5.4,82,3,7,3,1752,0.2,100.0
Mark,Travers,3,4.4,19,0,0,1,450,0.1,0.0
Illia,Zabarnyi,3,4.4,82,0,0,7,2929,0.4,100.0
Kepa,Arrizabalaga,3,4.6,99,0,0,7,2610,3.2,100.0
Dean,Huijsen,3,4.5,100,3,1,7,2320,4.5,
Julián,Araujo Zúñiga,3,4.3,12,0,0,0,424,0.1,100.0
Will,Dennis,3,3.9,0,0,0,0,0,0.3,
Francisco Evanilson,de Lima Barbosa,3,5.8,124,10,5,10,2145,3.6,100.0
Max,Kinsey,3,4.0,0,0,0,0,0,0.0,
Ben,Winterburn,3,4.5,3,0,0,0,21,0.0,
Archie,Harris,3,4.0,0,0,0,0,0,0.0,
Remy,Rees-Dottin,3,4.5,1,0,0,0,1,0.1,
Matai,Akinmboni,3,4.0,0,0,0,0,0,0.0,
Julio,Soler,3,3.9,1,0,0,0,1,0.0,100.0
Daniel,Adu-Adjei,3,4.5,0,0,0,0,0,0.0,
Dominic,Sadi,3,4.5,0,0,0,0,0,0.0,
Callan,McKenna,3,4.0,0,0,0,0,0,0.0,
Zain,Silcott-Duberry,3,4.5,1,0,0,0,1,0.0,
Andoni,Iraola,3,1.1,71,0,0,0,0,1.5,
Kristoffer,Ajer,4,4.4,38,0,0,3,1429,0.2,100.0
Ethan,Brierley,4,4.4,0,0,0,0,0,0.1,100.0
Nathan,Collins,4,4.6,125,2,7,8,3330,4.6,
Mikkel,Damsgaard,4,4.9,129,2,10,11,2832,1.2,100.0
Josh,Dasilva,4,4.8,0,0,0,0,0,0.0,0.0
Mark,Flekken,4,4.5,135,0,2,7,3185,10.1,100.0
Rico,Henry,4,4.3,4,0,0,0,95,0.0,100.0
Aaron,Hickey,4,4.3,0,0,0,0,0,0.0,75.0
Vitaly,Janelt,4,4.8,73,1,3,6,2251,0.2,0.0
Mathias,Jensen,4,5.3,37,0,2,2,836,0.1,100.0
Kim,Ji-soo,4,3.9,3,0,0,0,28,0.3,
Yunus Emre,Konak,4,4.4,10,0,0,0,53,0.1,100.0
Keane,Lewis-Potter,4,5.0,92,1,5,8,3001,0.1,
Bryan,Mbeumo,4,8.3,228,19,9,9,3325,46.9,100.0
Ben,Mee,4,4.2,9,0,0,1,180,0.3,100.0
Christian,Nørgaard,4,4.8,99,5,4,6,2730,0.2,100.0
Frank,Onyeka,4,4.9,2,0,0,0,23,0.0,0.0
Myles,Peart-Harris,4,4.5,0,0,0,0,0,0.0,0.0
Ethan,Pinnock,4,4.4,47,2,0,2,1912,0.3,100.0
Mads,Roerslev Rasmussen,4,4.3,36,0,2,2,1100,0.1,0.0
Kevin,Schade,4,5.3,147,11,4,10,2201,3.5,100.0
Igor Thiago,Nascimento Rodrigues,4,5.9,8,0,0,0,158,0.0,100.0
Ivan,Toney,4,7.3,0,0,0,0,0,1.1,0.0
Hákon,Valdimarsson,4,3.9,2,0,0,0,144,3.0,
Yoane,Wissa,4,6.9,184,18,6,9,2831,22.5,100.0
Yehor,Yarmoliuk,4,4.3,41,0,0,3,1345,2.3,
Mathias,Jorgensen,4,4.5,0,0,0,0,0,0.0,0.0
Fábio,Freitas Gouveia Carvalho,4,4.5,35,2,1,0,443,0.4,0.0
Sepp,van den Berg,4,4.1,60,0,1,5,2494,1.5,100.0
Ryan,Trevitt,4,4.4,1,0,0,0,3,0.0,0.0
Gustavo,Nunes Fernandes Gomes,4,4.9,3,0,0,0,11,0.0,100.0
Jayden,Meghoma,4,4.0,1,0,0,0,4,0.0,0.0
Tony,Yogane,4,4.5,0,0,0,0,0,0.0,0.0
Paris,Maghoma,4,4.5,8,0,0,0,112,0.0,
Benjamin,Arthur,4,4.0,0,0,0,0,0,0.0,
Thomas,Frank,4,0.8,112,0,0,0,0,20.1,
Michael,Kayode,4,4.5,25,0,1,2,438,0.2,100.0
Julian,Eyestone,4,4.0,0,0,0,0,0,0.0,
Iwan,Morgan,4,4.5,0,0,0,0,0,0.0,
Benjamin,Fredrick,4,4.0,0,0,0,0,0,0.0,
Simon,Adingra,5,5.1,57,2,3,2,972,0.3,100.0
Benicio,Baker-Boaitey,5,4.5,0,0,0,0,0,0.0,0.0
Carlos,Baleba,5,5.0,83,3,1,8,2480,0.2,100.0
Valentín,Barco,5,4.0,0,0,0,0,0,1.9,0.0
Amario,Cozier-Duberry,5,4.5,0,0,0,0,0,0.0,0.0
Mahmoud,Dahoud,5,4.9,0,0,0,0,0,0.0,0.0
Lewis,Dunk,5,4.2,44,0,1,4,2081,2.3,100.0
Pervis,Estupiñán,5,4.9,62,1,1,3,2309,1.2,100.0
Billy,Gilmour,5,5.0,3,0,0,0,97,0.0,0.0
Pascal,Groß,5,6.5,0,0,0,0,0,0.0,0.0
Jack,Hinshelwood,5,4.9,68,2,3,6,1743,0.1,100.0
Ibrahim,Osman,5,5.0,0,0,0,0,0,0.0,0.0
Igor Julio,dos Santos de Paulo,5,4.3,17,0,0,1,900,0.1,100.0
João Pedro,Junqueira de Jesus,5,5.5,126,10,6,6,1946,8.7,100.0
Kacper,Kozłowski,5,4.5,0,0,0,0,0,0.0,0.0
Tariq,Lamptey,5,4.4,42,2,2,2,856,0.2,100.0
Solly,March,5,6.5,7,0,0,0,161,0.0,0.0
Adrian,Mazilu,5,4.5,0,0,0,0,0,0.0,0.0
James,Milner,5,5.0,5,0,0,1,169,0.0,0.0
Yankuba,Minteh,5,4.8,98,6,5,4,1658,1.0,100.0
Mitoma,Kaoru,5,6.3,135,9,4,6,2527,6.1,75.0
Jakub,Moder,5,4.4,4,0,0,0,9,0.4,0.0
Mark,O’Mahony,5,4.5,0,0,0,0,0,0.2,0.0
Odeluga,Offiah,5,4.0,0,0,0,0,0,0.1,0.0
Cameron,Peupion,5,4.4,0,0,0,0,0,0.0,0.0
Jeremy,Sarmiento Morante,5,4.9,1,0,0,0,8,0.0,0.0
Jason,Steele,5,4.0,9,0,0,1,180,0.7,100.0
Deniz,Undav,5,5.5,0,0,0,0,0,0.0,0.0
Jan Paul,van Hecke,5,4.5,84,1,1,7,2780,0.7,100.0
Joël,Veltman,5,4.3,59,0,0,6,1663,1.1,100.0
Bart,Verbruggen,5,4.6,99,0,1,7,3060,2.5,100.0
Adam,Webster,5,4.3,34,0,0,4,705,0.1,100.0
Danny,Welbeck,5,5.5,120,10,4,7,2026,6.2,100.0
Mats,Wieffer,5,4.7,48,1,5,2,823,0.1,100.0
Brajan,Gruda,5,5.4,37,1,3,1,529,0.0,100.0
Yasin,Ayari,5,5.0,64,1,1,7,1840,0.0,100.0
Andrew,Moran,5,5.0,0,0,0,0,0,0.0,0.0
Carl,Rushworth,5,3.9,0,0,0,0,0,0.1,100.0
Georginio,Rutter,5,5.0,95,5,6,6,1651,0.3,50.0
Ferdi,Kadioglu,5,4.4,19,1,0,2,385,0.1,0.0
Matt,O'Riley,5,5.5,40,1,2,2,898,0.0,100.0
Imari,Samuels,5,4.0,0,0,0,0,0,0.0,0.0
Killian,Cahill,5,3.9,0,0,0,0,0,0.9,
Ruairi,McConville,5,4.0,0,0,0,0,0,0.0,0.0
Jacob,Slater,5,4.0,0,0,0,0,0,0.0,
Diego,Gómez,5,5.5,18,0,0,0,446,0.0,100.0
Fabian,Hürzeler,5,1.1,90,0,0,0,0,1.3,
Joe,Knight,5,4.5,0,0,0,0,0,0.0,
Eiran,Cashin,5,4.5,1,0,0,0,19,0.0,
Charlie,Tasker,5,4.0,0,0,0,0,0,0.0,
Freddie,Simmonds,5,4.0,0,0,0,0,0,0.0,
Harry,Howell,5,4.5,0,0,0,0,0,0.0,
Andrey,Nascimento dos Santos,6,4.5,0,0,0,0,0,0.0,0.0
Ângelo Gabriel,Borges Damaceno,6,4.5,0,0,0,0,0,0.1,0.0
Benoît,Badiashile,6,4.2,7,0,0,0,332,0.1,100.0
Lucas,Bergström,6,3.9,0,0,0,0,0,0.2,
Marcus,Bettinelli,6,3.9,0,0,0,0,0,0.4,
Moisés,Caicedo Corozo,6,4.9,96,1,4,11,3261,1.0,
Cesare,Casadei,6,4.4,0,0,0,0,0,0.1,0.0
Trevoh,Chalobah,6,4.4,93,3,1,6,1969,0.8,100.0
Carney,Chukwuemeka,6,4.7,0,0,0,0,0,0.0,0.0
Levi,Colwill,6,4.4,94,1,1,9,3060,2.5,100.0
Marc,Cucurella Saseta,6,5.4,125,5,2,8,2898,10.9,100.0
David Datro,Fofana,6,5.4,0,0,0,0,0,0.1,0.0
Deivid Washington,de Souza Eugênio,6,4.9,0,0,0,0,0,0.1,0.0
Kiernan,Dewsbury-Hall,6,5.5,17,0,1,0,253,0.1,100.0
Enzo,Fernández,6,4.7,132,6,8,9,2853,4.2,100.0
Conor,Gallagher,6,5.9,0,0,0,0,0,0.1,0.0
Alfie,Gilchrist,6,4.0,0,0,0,0,0,0.0,0.0
Malo,Gusto,6,4.9,59,0,1,4,1841,1.4,100.0
Reece,James,6,4.8,48,1,2,2,967,0.9,100.0
Omari,Kellyman,6,4.3,0,0,0,0,0,0.1,0.0
Roméo,Lavia,6,4.5,25,0,1,3,764,0.4,100.0
Romelu,Lukaku Bolingoli,6,6.3,0,0,0,0,0,0.2,0.0
Malang,Sarr,6,4.5,0,0,0,0,0,0.0,0.0
Noni,Madueke,6,6.0,117,7,5,5,1943,3.2,100.0
Marc,Guiu Paz,6,4.7,3,0,0,0,71,0.4,25.0
Mykhailo,Mudryk,6,6.1,7,0,0,0,145,0.2,0.0
Nicolas,Jackson,6,7.7,121,10,6,11,2220,6.4,0.0
Christopher,Nkunku,6,5.7,60,3,2,2,904,2.0,50.0
Cole,Palmer,6,10.5,211,15,10,9,3103,35.0,100.0
Đorđe,Petrović,6,4.4,0,0,0,0,0,0.1,0.0
Renato,Palma Veiga,6,4.4,7,0,0,1,176,0.1,0.0
Robert,Sánchez,6,4.5,120,0,0,9,2790,6.2,100.0
Tosin,Adarabioyo,6,4.2,65,1,1,6,1313,0.3,
Wesley,Fofana,6,4.3,26,0,0,2,1172,0.2,0.0
Jadon,Sancho,6,6.2,83,3,5,6,1693,0.9,100.0
Pedro,Lomba Neto,6,6.1,98,4,5,7,2185,1.5,100.0
Caleb,Wiley,6,4.0,0,0,0,0,0,0.0,0.0
Filip,Jørgensen,6,4.2,18,0,0,1,540,0.4,100.0
João,Félix Sequeira,6,5.9,24,1,2,1,362,0.4,0.0
Samuel,Rak-Sakyi,6,4.5,0,0,0,0,0,0.0,
Tyrique,George,6,4.5,17,1,1,1,177,0.0,
Josh,Acheampong,6,4.0,4,0,0,0,168,0.1,
Enzo,Maresca,6,1.5,85,0,0,0,0,1.6,
Mathis,Amougou,6,4.5,1,0,0,0,7,0.0,
Aaron,Anselmino,6,4.0,0,0,0,0,0,0.0,100.0
Shumaira,Mheuka,6,4.5,1,0,0,0,1,0.0,
Ishé,Samuels-Smith,6,4.0,0,0,0,0,0,0.0,
Genesis,Antwi,6,4.0,0,0,0,0,0,0.0,
Eddie,Nketiah,7,5.9,39,1,2,2,910,0.6,100.0
Ben,Chilwell,7,4.6,6,0,0,0,164,0.5,100.0
Naouirou,Ahamada,7,4.5,0,0,0,0,0,0.1,0.0
Cheick,Doucouré,7,4.8,19,0,1,1,443,0.0,0.0
Chris,Richards,7,4.4,65,1,1,7,1741,0.2,100.0
Chadi,Riad Dnanou,7,4.3,1,0,0,0,90,0.0,0.0
Nathaniel,Clyne,7,4.3,18,0,0,1,477,0.1,
Malcolm,Ebiowei,7,4.5,0,0,0,0,0,0.0,0.0
Eberechi,Eze,7,7.0,139,7,8,9,2518,14.9,100.0
Marc,Guéhi,7,4.7,116,3,2,11,3059,6.2,100.0
Dean,Henderson,7,4.6,132,0,0,11,3240,12.2,100.0
Rob,Holding,7,4.2,0,0,0,0,0,0.1,0.0
Will,Hughes,7,4.9,63,0,4,9,1977,0.0,100.0
Daichi,Kamada,7,5.1,42,0,0,3,1436,0.1,100.0
Jefferson,Lerma Solís,7,4.8,54,0,1,6,2090,0.1,100.0
Jean-Philippe,Mateta,7,7.5,147,14,2,8,2572,9.6,100.0
Matheus,França de Oliveira,7,4.4,7,1,0,0,24,0.2,100.0
Remi,Matthews,7,3.9,0,0,0,0,0,0.4,
Tyrick,Mitchell,7,4.8,118,0,5,12,3000,2.2,
Daniel,Muñoz,7,5.2,139,4,6,11,3049,20.4,100.0
David,Ozoh,7,4.5,0,0,0,0,0,0.0,0.0
Jesurun,Rak-Sakyi,7,4.5,0,0,0,0,0,0.0,0.0
Jeffrey,Schlupp,7,4.6,12,0,0,0,95,0.0,0.0
Joel,Ward,7,4.3,1,0,0,0,1,0.1,100.0
Adam,Wharton,7,4.7,42,0,2,4,1314,0.1,100.0
Matt,Turner,7,3.9,0,0,0,0,0,7.3,100.0
Ismaïla,Sarr,7,5.6,135,7,6,10,2556,6.6,100.0
Franco,Umeh-Chibueze,7,4.4,0,0,0,0,0,0.0,100.0
Justin,Devenny,7,4.5,29,1,0,0,421,0.1,
Asher,Agbinone,7,4.5,2,0,0,0,4,0.0,0.0
Kaden,Rodney,7,4.5,0,0,0,0,0,0.0,
Maxence,Lacroix,7,4.5,111,1,2,11,2936,1.0,100.0
Caleb,Kporha,7,4.0,2,0,0,0,11,0.0,
Zach,Marsh,7,4.5,0,0,0,0,0,0.2,
Romain,Esse,7,4.7,12,1,0,0,44,0.1,100.0
Oliver,Glasner,7,0.8,109,0,0,0,0,1.2,
Armando,Broja,8,5.3,12,0,0,2,327,0.1,100.0
Abdoulaye,Doucouré,8,5.1,93,3,2,11,2549,0.6,100.0
Norberto Bercique,Gomes Betuncal,8,4.9,85,8,0,3,1434,4.6,
Jarrad,Branthwaite,8,4.9,88,0,1,9,2509,2.5,100.0
Dominic,Calvert-Lewin,8,5.4,62,3,2,8,1600,1.0,100.0
Séamus,Coleman,8,4.3,5,0,0,0,214,0.0,100.0
Idrissa,Gueye,8,4.8,87,0,3,11,2973,0.2,100.0
James,Garner,8,4.9,40,0,1,4,1500,0.0,100.0
Jack,Harrison,8,5.2,78,1,3,6,1978,0.2,100.0
Mason,Holgate,8,4.0,1,0,0,0,5,0.1,0.0
Tim,Iroegbunam,8,4.3,22,0,1,0,562,0.6,100.0
João,Neves Virgínia,8,3.8,0,0,0,0,0,0.8,
Michael,Keane,8,3.8,42,3,0,2,956,4.2,100.0
Neal,Maupay,8,4.9,0,0,0,0,0,0.2,0.0
Dwight,McNeil,8,5.1,92,4,8,5,1352,1.5,100.0
Vitalii,Mykolenko,8,4.4,112,1,2,10,2992,7.2,100.0
Iliman,Ndiaye,8,5.2,112,9,0,14,2351,1.1,100.0
Nathan,Patterson,8,4.4,14,0,1,0,342,0.0,100.0
Jordan,Pickford,8,5.2,147,0,1,11,3330,16.7,
James,Tarkowski,8,4.8,105,1,1,10,2922,1.7,0.0
Youssef,Ramalho Chermiti,8,4.9,3,0,0,0,42,0.0,100.0
Ashley,Young,8,4.2,93,1,4,8,1774,1.4,100.0
Carlos,Alcaraz Durán,8,4.7,34,1,3,0,691,0.1,100.0
Jesper,Lindstrøm,8,5.0,44,0,1,6,1229,0.1,0.0
Jake,O'Brien,8,4.5,59,2,0,4,1478,1.0,100.0
Harrison,Armstrong,8,4.4,2,0,0,0,47,0.1,0.0
Jenson,Metcalfe,8,4.5,0,0,0,0,0,0.0,0.0
Asmir,Begovic,8,4.0,0,0,0,0,0,0.2,
Roman,Dixon,8,3.9,0,0,0,0,90,0.1,
Orel,Mangala,8,5.0,39,1,0,5,1257,0.0,0.0
Callum,Bates,8,4.5,0,0,0,0,0,0.0,
Martin,Sherif,8,4.5,0,0,0,0,0,0.1,
David,Moyes,8,0.5,118,0,0,0,0,8.2,
Isaac,Heath,8,4.5,0,0,0,0,0,0.0,
Coby,Ebere,8,4.5,0,0,0,0,0,0.0,
Reiss,Nelson,9,5.0,27,1,1,1,483,0.0,0.0
Emile,Smith Rowe,9,5.1,113,6,3,7,2007,7.3,100.0
Joachim,Andersen,9,4.2,50,0,0,4,2583,3.4,100.0
Adama,Traoré,9,4.5,93,2,8,3,1683,1.4,100.0
Andreas,Hoelgebaum Pereira,9,4.9,79,2,6,5,1944,0.8,100.0
Calvin,Bassey,9,4.5,75,1,0,5,3074,0.6,100.0
Steven,Benda,9,3.9,0,0,0,0,0,0.3,
Tom,Cairney,9,4.8,31,2,0,1,538,0.0,100.0
Timothy,Castagne,9,4.2,46,0,1,3,1642,0.9,0.0
Issa,Diop,9,4.3,31,0,0,1,1334,0.2,
Luke,Harris,9,4.5,0,0,0,0,0,0.0,0.0
Alex,Iwobi,9,5.5,155,9,6,6,2952,5.7,
Bernd,Leno,9,5.0,113,0,2,5,3330,3.0,
Saša,Lukić,9,4.8,54,0,2,4,2263,0.0,75.0
Kevin,Mbabu,9,4.0,0,0,0,0,0,0.1,0.0
Rodrigo,Muniz Carvalho,9,5.5,86,8,1,2,943,1.4,0.0
Raúl,Jiménez,9,5.3,145,12,3,7,2396,4.9,
Tim,Ream,9,4.5,0,0,0,0,0,0.0,0.0
Harrison,Reed,9,4.7,10,0,0,0,100,0.0,0.0
Antonee,Robinson,9,4.7,105,0,10,5,3076,16.0,75.0
Jay,Stansfield,9,5.0,1,0,0,0,1,0.0,0.0
Kenny,Tete,9,4.4,48,0,2,3,1683,0.2,100.0
Carlos Vinícius,Alves Morais,9,5.0,3,0,0,0,13,0.3,100.0
Harry,Wilson,9,5.2,76,6,2,2,1088,0.2,100.0
Ryan,Sessegnon,9,4.2,56,4,2,1,558,3.0,100.0
Jorge,Cuenca Barreno,9,4.4,8,0,0,0,259,0.0,100.0
Josh,King,9,4.4,9,0,0,1,109,0.1,
Martial,Godo,9,4.4,2,0,0,0,21,0.0,
Sander,Berge,9,5.0,52,0,0,4,2217,0.0,100.0
Samuel,Amissah,9,4.0,0,0,0,0,0,0.0,
Marco Alexandre,Saraiva da Silva,9,1.1,94,0,0,0,0,0.2,
Willian,Borges da Silva,9,5.0,13,0,0,1,251,0.0,
Julio,Enciso,10,5.4,59,2,3,2,1155,0.3,100.0
Ali,Al-Hamadi,10,4.7,8,0,0,0,125,0.2,0.0
Elkan,Baggott,10,4.0,0,0,0,0,0,0.0,0.0
Nathan,Broadhead,10,4.9,29,1,0,2,613,0.0,75.0
Cameron,Burgess,10,3.8,26,0,2,0,1540,1.9,100.0
Wes,Burns,10,4.7,30,0,1,1,922,0.0,0.0
Conor,Chaplin,10,5.1,39,1,2,1,776,0.1,100.0
Harry,Clarke,10,4.0,1,0,0,0,377,0.0,0.0
Leif,Davis,10,4.2,51,1,2,2,2652,0.9,100.0
Liam,Delap,10,5.6,132,12,2,3,2567,3.3,100.0
George,Edmundson,10,4.0,1,0,0,0,1,0.1,0.0
Jacob,Greaves,10,3.8,36,1,0,2,2115,2.3,100.0
Marcus,Myers-Harness,10,4.9,2,0,0,0,43,0.0,0.0
George,Hirst,10,5.4,44,3,1,0,576,0.0,100.0
Cameron,Humphreys,10,4.5,0,0,0,0,0,0.0,0.0
Omari,Giraud-Hutchinson,10,5.2,86,3,3,3,2495,0.3,100.0
Ben,Johnson,10,3.8,30,1,2,0,1346,1.9,100.0
Freddie,Ladapo,10,4.5,0,0,0,0,0,0.4,0.0
Massimo,Luongo,10,4.3,12,0,0,0,192,0.2,100.0
Sam,Morsy,10,4.8,65,1,1,2,2663,0.1,100.0
Corrie,Ndaba,10,4.0,0,0,0,0,0,0.0,0.0
Cieran,Slicker,10,3.9,0,0,0,0,0,0.6,
Jack,Taylor,10,4.8,37,1,0,0,825,0.0,100.0
Axel,Tuanzebe,10,3.9,26,0,1,1,1620,1.2,100.0
Christian,Walton,10,4.3,14,0,0,1,540,0.2,100.0
Luke,Woolfenden,10,3.9,18,0,0,1,1187,1.2,
Kalvin,Phillips,10,4.8,27,0,0,1,1231,0.1,0.0
Arijanet,Muric,10,4.4,49,0,0,1,1620,0.5,0.0
Jaden,Philogene,10,5.3,37,2,0,2,796,0.1,0.0
Conor,Townsend,10,3.9,11,0,1,0,334,0.5,50.0
Sam,Szmodics,10,5.7,53,4,0,2,976,0.1,50.0
Jens,Cajuste,10,4.5,58,1,0,1,1883,0.1,100.0
Dara,O'Shea,10,3.9,48,0,2,2,3032,1.2,100.0
Jack,Clarke,10,5.4,52,0,4,1,1141,0.0,
Chiedozie,Ogbene,10,4.8,7,0,0,0,237,0.0,0.0
Ben,Godfrey,10,4.0,-1,0,0,0,158,0.0,
Kieran,McKenna,10,0.5,50,0,0,0,0,0.4,
Alex,Palmer,10,4.5,22,0,0,0,1170,0.1,
Somto,Boniface,10,4.0,0,0,0,0,0,0.0,
Tom,Taylor,10,4.5,0,0,0,0,0,0.0,
Facundo,Buonanotte,11,4.5,74,5,2,2,1490,0.4,100.0
Jordan,Ayew,11,5.1,73,5,0,4,1559,0.2,100.0
Odsonne,Edouard,11,5.1,7,0,0,0,141,0.2,100.0
Boubakary,Soumaré,11,4.4,46,0,0,1,2075,0.3,100.0
Tom,Cannon,11,4.5,0,0,0,0,0,0.3,0.0
Hamza,Choudhury,11,4.4,4,0,0,0,129,1.0,0.0
Conor,Coady,11,4.0,39,1,0,2,1622,0.4,100.0
Patson,Daka,11,4.8,32,1,0,0,646,0.5,100.0
Bobby,De Cordova-Reid,11,5.2,48,1,4,1,734,0.1,0.0
Wout,Faes,11,3.8,53,1,0,3,2722,5.0,100.0
Michael,Golding,11,4.4,1,0,0,0,1,0.2,
Mads,Hermansen,11,4.4,63,0,0,1,2385,0.4,0.0
Daniel,Iversen,11,3.9,0,0,0,0,0,0.7,
James,Justin,11,4.1,69,2,2,3,2822,1.1,100.0
Victor,Kristiansen,11,4.4,33,0,1,1,2393,0.1,100.0
Wanya,Marçal-Madivádua,11,4.5,0,0,0,0,0,0.0,0.0
Stephy,Mavididi,11,5.0,72,4,1,1,1606,0.3,0.0
Kasey,McAteer,11,4.7,33,1,1,3,761,0.0,100.0
Wilfred,Ndidi,11,4.9,64,0,5,3,2325,0.2,100.0
Caleb,Okoli,11,4.0,27,1,0,1,1122,0.4,100.0
Ricardo,Barbosa Pereira,11,4.1,10,0,0,0,364,0.1,75.0
Harry,Souttar,11,4.0,0,0,0,0,0,0.0,0.0
Jakub,Stolarczyk,11,4.0,23,0,0,2,810,0.5,100.0
Luke,Thomas,11,3.9,22,0,0,2,1038,1.4,
Jamie,Vardy,11,5.4,128,9,5,4,2825,6.2,100.0
Jannik,Vestergaard,11,3.9,11,0,0,0,1390,1.5,100.0
Danny,Ward,11,3.9,2,0,0,0,135,2.0,
Harry,Winks,11,4.3,40,0,2,0,1536,4.7,100.0
Oliver,Skipp,11,4.7,24,0,0,2,1047,0.0,
Abdul,Fatawu,11,5.1,26,0,2,0,576,0.2,0.0
Will,Alves,11,4.4,1,0,0,0,1,0.1,0.0
Ben,Nelson,11,4.0,0,0,0,0,0,0.0,0.0
Bilal,El Khannouss,11,4.8,83,2,4,3,2179,0.3,
Henry,Cartwright,11,4.5,0,0,0,0,0,0.0,
Thomas,Wilson-Brown,11,4.0,0,0,0,0,0,0.0,0.0
Woyo,Coulibaly,11,4.0,1,0,0,0,107,0.0,
Ruud,van Nistelrooij,11,0.5,48,0,0,0,0,0.5,
Jeremy,Monga,11,4.5,6,0,0,0,87,0.0,100.0
Olabade,Aluko,11,4.0,0,0,0,0,0,0.0,
Jake,Evans,11,4.5,3,0,0,0,17,0.0,
Alisson,Ramses Becker,12,5.5,105,0,0,10,2328,8.4,100.0
Trent,Alexander-Arnold,12,7.2,147,3,7,12,2317,16.7,100.0
Stefan,Bajčetić Maquieira,12,4.5,0,0,0,0,0,0.0,0.0
Conor,Bradley,12,4.7,36,0,1,3,623,1.0,100.0
Bobby,Clark,12,4.5,0,0,0,0,0,0.0,0.0
Darwin,Núñez Ribeiro,12,7.0,64,5,3,2,1057,1.9,100.0
Diogo,Teixeira da Silva,12,7.2,86,6,4,7,1154,2.6,100.0
Ben,Doak,12,4.5,0,0,0,0,0,0.0,0.0
Harvey,Elliott,12,5.2,19,0,1,0,264,0.2,100.0
Endo,Wataru,12,4.6,19,0,0,0,225,0.1,
Cody,Gakpo,12,7.2,118,10,4,5,1769,5.0,100.0
Joe,Gomez,12,4.7,14,0,0,1,517,0.4,25.0
Ryan,Gravenberch,12,5.0,91,0,4,14,3003,0.7,100.0
Curtis,Jones,12,5.3,84,3,5,6,1585,0.2,100.0
Caoimhin,Kelleher,12,3.9,45,0,0,4,900,1.2,
Ibrahima,Konaté,12,5.3,103,1,2,11,2410,7.1,100.0
Luis,Díaz,12,7.5,180,13,7,15,2298,17.1,100.0
Mohamed,Salah,12,13.6,332,28,18,15,3194,66.9,
Alexis,Mac Allister,12,6.2,122,5,6,14,2597,1.9,100.0
James,McConnell,12,4.3,0,0,0,0,0,0.1,100.0
Tyler,Morton,12,4.4,0,0,0,0,0,0.1,100.0
Nathaniel,Phillips,12,4.0,0,0,0,0,0,0.1,0.0
Jarell,Quansah,12,3.9,8,0,0,0,398,1.0,100.0
Rhys,Williams,12,4.0,0,0,0,0,0,0.0,0.0
Andrew,Robertson,12,5.8,89,0,1,10,2395,4.0,
Dominik,Szoboszlai,12,6.1,134,5,10,12,2362,2.6,100.0
Konstantinos,Tsimikas,12,4.6,42,0,1,4,739,0.2,100.0
Virgil,van Dijk,12,6.7,142,3,1,14,3240,25.7,
Federico,Chiesa,12,6.8,5,0,0,0,41,0.2,100.0
Vítezslav,Jaros,12,4.0,1,0,0,0,11,0.1,
Harvey,Davies,12,4.0,0,0,0,0,0,0.0,
Treymaurice,Nyoni,12,4.5,0,0,0,0,0,0.0,
Amara,Nallo,12,4.0,0,0,0,0,0,0.0,
Jayden,Danns,12,4.5,1,0,0,0,10,0.0,0.0
Arne,Slot,12,1.5,112,0,0,0,0,5.7,
Manuel,Akanji,13,5.3,53,0,0,5,1832,2.3,100.0
Nathan,Aké,13,5.3,25,0,0,3,677,0.8,50.0
Bernardo,Veiga de Carvalho e Silva,13,6.1,96,3,4,8,2487,2.7,100.0
Oscar,Bobb,13,4.7,2,0,0,0,13,0.1,50.0
Scott,Carson,13,3.9,0,0,0,0,0,0.2,
Kevin,De Bruyne,13,9.6,110,4,9,9,1621,14.1,100.0
Jérémy,Doku,13,6.2,84,3,6,7,1432,1.7,100.0
Ederson,Santana de Moraes,13,5.3,103,0,4,9,2140,5.6,100.0
Phil,Foden,13,9.1,104,7,3,6,1763,4.6,100.0
Jack,Grealish,13,6.4,37,1,1,2,709,0.2,100.0
Joško,Gvardiol,13,6.5,143,5,0,12,3098,37.8,100.0
Erling,Haaland,13,14.9,173,21,3,8,2570,23.6,100.0
Julián,Álvarez,13,7.0,0,0,0,0,0,0.1,0.0
João,Cavaco Cancelo,13,5.3,0,0,0,0,0,0.2,0.0
Mateo,Kovačić,13,5.4,107,6,2,10,2128,1.4,100.0
Rico,Lewis,13,4.3,66,1,2,5,1888,3.5,100.0
Matheus Luiz,Nunes,13,4.9,70,1,5,8,1490,0.2,100.0
James,McAtee,13,4.6,31,3,0,0,340,0.1,
Stefan,Ortega Moreno,13,5.2,35,0,0,3,1099,0.7,
Rodrigo 'Rodri',Hernandez,13,6.2,2,0,0,0,65,0.8,50.0
Rúben,Gato Alves Dias,13,5.5,81,0,0,10,2089,5.3,100.0
John,Stones,13,5.3,29,2,0,1,544,1.0,0.0
Kyle,Walker,13,5.1,13,0,0,0,966,2.6,0.0
Sávio 'Savinho',Moreira de Oliveira,13,6.0,105,1,11,8,1744,2.1,100.0
Nico,O'Reilly,13,4.9,31,2,0,3,525,0.3,100.0
Ilkay,Gündogan,13,6.3,77,0,5,8,2044,0.5,
Issa,Kaboré,13,4.5,0,0,0,0,0,0.0,0.0
Jacob,Wright,13,4.5,0,0,0,0,0,0.0,0.0
Jahmai,Simpson-Pusey,13,4.0,1,0,0,0,95,0.0,100.0
Josh,Wilson-Esbrand,13,4.0,0,0,0,0,0,0.0,0.0
Divin,Mubama,13,4.5,1,0,0,0,27,0.1,
Max,Alleyne,13,4.0,0,0,0,0,0,0.0,
Spike,Brits,13,4.0,0,0,0,0,0,0.0,
Abdukodir,Khusanov,13,5.0,14,0,0,2,503,0.4,
Vitor,de Oliveira Nunes dos Reis,13,4.5,1,0,0,0,1,0.0,
Pep,Guardiola,13,1.5,94,0,0,0,0,34.4,
Omar,Marmoush,13,7.4,63,6,1,6,1003,22.1,
Nico,González,13,6.0,22,0,1,5,649,0.0,
Claudio,Echeverri,13,5.8,0,0,0,0,0,0.0,
Amad,Diallo,14,5.3,116,7,7,6,1808,4.1,100.0
Antony Matheus,dos Santos,14,5.7,8,0,0,0,135,0.2,0.0
Bruno,Borges Fernandes,14,8.4,167,8,11,9,2927,14.7,100.0
Altay,Bayindir,14,4.3,2,0,0,0,270,0.1,100.0
Carlos Henrique,Casimiro,14,4.6,46,1,0,5,1399,0.4,100.0
Diogo,Dalot Teixeira,14,5.0,94,0,4,8,2787,4.7,25.0
Christian,Eriksen,14,5.2,39,0,2,4,1028,0.2,100.0
Jonny,Evans,14,4.4,14,0,0,1,288,0.1,100.0
Alejandro,Garnacho,14,5.9,106,6,4,5,2188,4.8,100.0
Hannibal,Mejbri,14,4.5,0,0,0,0,0,0.0,0.0
Tom,Heaton,14,3.9,0,0,0,0,0,0.2,100.0
Rasmus,Højlund,14,6.9,76,4,1,5,1918,1.0,100.0
Victor,Lindelöf,14,4.3,21,0,0,1,605,0.1,100.0
Harry,Maguire,14,4.9,42,1,0,2,1661,0.8,100.0
Kobbie,Mainoo,14,5.2,41,0,0,5,1601,1.7,100.0
Tyrell,Malacia,14,4.4,2,0,0,0,99,0.0,0.0
Lisandro,Martínez,14,4.3,68,2,1,6,1751,2.3,0.0
Scott,McTominay,14,4.9,2,0,0,0,17,0.1,0.0
Mason,Mount,14,6.3,22,1,0,2,548,0.2,100.0
André,Onana,14,4.9,120,0,0,9,3060,5.1,
Facundo,Pellistri Rebollo,14,5.0,0,0,0,0,0,0.0,0.0
Luke,Shaw,14,4.9,5,0,0,0,346,0.2,100.0
Joshua,Zirkzee,14,6.5,64,3,2,3,1385,1.5,0.0
Leny,Yoro,14,4.3,22,0,0,1,1160,0.2,25.0
Matthijs,de Ligt,14,4.8,68,2,0,4,2119,2.9,25.0
Noussair,Mazraoui,14,4.2,87,0,1,7,2817,7.4,100.0
Toby,Collyer,14,4.5,6,0,0,0,174,0.0,100.0
Ethan,Wheatley,14,4.5,0,0,0,0,0,1.0,0.0
Manuel,Ugarte,14,4.9,49,1,2,4,1777,0.1,100.0
Ayden,Heaven,14,4.0,2,0,0,0,104,0.1,100.0
Jack,Fletcher,14,4.5,0,0,0,0,0,0.0,
Harry,Amass,14,4.0,4,0,0,0,345,0.1,
Jayce,Fitzgerald,14,4.5,0,0,0,0,0,0.0,
Godwill,Kukonki,14,4.0,0,0,0,0,0,0.0,
Ruben Filipe,Marques Diogo Amorim,14,0.8,66,0,0,0,0,1.5,
Elyh,Harrison,14,4.0,0,0,0,0,0,0.0,
Patrick,Dorgu,14,4.5,11,0,0,1,750,0.2,100.0
Chido,Obi-Martin,14,4.5,6,0,0,0,151,0.2,
Tyler,Fredricson,14,4.0,2,0,0,0,166,0.0,
Jack,Moorhouse,14,4.5,0,0,0,0,0,0.0,
Sékou,Koné,14,4.5,0,0,0,0,0,0.0,
Hubert,Graczyk,14,4.0,0,0,0,0,0,0.0,
Dermot,Mee,14,4.0,0,0,0,0,0,0.0,
Alex,Murphy,15,4.0,0,0,0,0,0,0.5,0.0
Miguel,Almirón Rejala,15,5.4,10,0,0,0,150,0.3,0.0
Harvey,Barnes,15,5.9,128,9,5,6,1659,4.5,100.0
Sven,Botman,15,4.4,12,0,0,1,350,0.0,50.0
Bruno,Guimarães Rodriguez Moura,15,6.2,133,5,6,13,3183,3.0,100.0
Dan,Burn,15,4.5,113,1,1,13,3240,11.6,100.0
Martin,Dúbravka,15,4.0,44,0,0,5,900,1.3,100.0
Anthony,Gordon,15,7.4,123,6,6,10,2383,7.8,100.0
Lewis,Hall,15,4.7,102,0,7,8,2188,4.4,0.0
Isaac,Hayden,15,4.4,0,0,0,0,0,0.1,0.0
Alexander,Isak,15,9.5,209,23,6,12,2668,57.1,100.0
Jacob,Murphy,15,5.2,157,8,13,11,2287,15.0,100.0
Joelinton Cássio,Apolinário de Lira,15,6.0,99,4,4,10,2394,1.1,0.0
Lloyd,Kelly,15,4.2,12,0,1,0,299,0.1,0.0
Emil,Krafth,15,4.3,17,0,0,1,334,0.1,100.0
Garang,Kuol,15,4.4,0,0,0,0,0,0.1,
Jamaal,Lascelles,15,4.5,0,0,0,0,0,0.0,100.0
Jamal,Lewis,15,4.0,0,0,0,0,0,0.1,0.0
Tino,Livramento,15,4.6,103,0,1,10,2745,8.7,100.0
Sean,Longstaff,15,4.4,34,0,1,2,783,0.3,
Lewis,Miley,15,5.0,21,1,0,0,304,0.0,100.0
Odysseas,Vlachodimos,15,4.2,0,0,0,0,0,0.1,
Nick,Pope,15,5.0,99,0,0,8,2430,5.9,100.0
John,Ruddy,15,3.9,0,0,0,0,0,0.3,
Fabian,Schär,15,5.5,117,4,2,11,2845,4.3,100.0
Matt,Targett,15,3.9,2,0,0,0,20,0.3,25.0
Sandro,Tonali,15,5.5,104,4,2,11,2535,0.8,100.0
Kieran,Trippier,15,5.6,71,0,3,6,1272,4.9,25.0
Joe,White,15,4.5,0,0,0,0,0,0.1,0.0
Joe,Willock,15,4.7,45,0,2,4,1020,0.1,50.0
Callum,Wilson,15,6.9,18,0,0,0,335,0.2,100.0
Miodrag,Pivaš,15,4.0,0,0,0,0,0,0.1,0.0
William,Osula,15,4.9,18,1,0,0,122,0.2,
Eddie,Howe,15,1.5,97,0,0,0,0,1.9,
Sean,Neave,15,4.5,0,0,0,0,0,0.0,
Álex,Moreno Lopera,16,4.2,34,0,1,3,952,0.4,100.0
Ola,Aina,16,5.3,127,2,1,12,2914,13.2,100.0
Elliot,Anderson,16,5.0,106,2,6,13,2636,0.3,100.0
Taiwo,Awoniyi,16,5.5,32,1,0,1,398,0.3,0.0
Willy,Boly,16,4.2,6,0,0,0,146,0.1,100.0
Josh,Bowler,16,4.5,0,0,0,0,0,0.0,0.0
Carlos Miguel,dos Santos Pereira,16,4.1,0,0,0,0,0,0.1,100.0
Eric,da Silva Moreira,16,4.3,2,0,0,0,28,0.1,
Danilo,dos Santos de Oliveira,16,4.7,11,0,0,1,271,0.0,100.0
Emmanuel,Dennis,16,4.9,0,0,0,0,0,0.2,0.0
Nicolás,Domínguez,16,4.8,52,0,1,7,1887,0.0,100.0
Anthony,Elanga,16,5.5,151,6,11,12,2406,10.2,100.0
Morgan,Gibbs-White,16,6.5,152,7,11,13,2715,7.0,100.0
Callum,Hudson-Odoi,16,5.1,102,5,3,11,2157,1.2,50.0
Alex,Mighten,16,4.5,0,0,0,0,0,0.0,0.0
Murillo,Santiago Costa dos Santos,16,4.8,128,2,0,12,3098,4.4,75.0
Neco,Williams,16,4.5,107,1,3,10,2498,4.2,
Omar,Richards,16,4.5,0,0,0,0,0,0.0,0.0
Lewis,O'Brien,16,5.0,0,0,0,0,0,0.0,0.0
Andrew,Omobamidele,16,4.2,0,0,0,0,0,0.0,0.0
Jonathan,Panzo,16,4.0,0,0,0,0,0,0.0,0.0
Ibrahim,Sangaré,16,4.3,19,0,1,2,528,1.2,100.0
Matz,Sels,16,5.2,148,0,1,13,3330,20.7,100.0
Harry,Toffolo,16,4.2,4,0,0,0,135,0.1,
Hwang,Ui-jo,16,4.5,0,0,0,0,0,0.8,0.0
Chris,Wood,16,7.2,198,20,3,15,2868,31.8,100.0
Joe,Worrall,16,4.5,0,0,0,0,0,0.0,0.0
Ryan,Yates,16,4.8,66,2,2,6,1879,0.1,100.0
Nikola,Milenković,16,5.2,143,5,2,13,3240,18.2,
João Pedro,Ferreira Silva,16,5.9,51,3,2,1,828,0.1,100.0
Ramón,Sosa,16,5.5,25,1,0,1,280,0.1,
Felipe,Rodrigues da Silva,16,4.5,36,0,0,3,891,0.1,
Zach,Abbott,16,4.0,0,0,0,0,0,0.0,
Wayne,Hennessey,16,4.0,0,0,0,0,0,0.0,
Nuno Herlander,Simões Espírito Santo,16,1.1,78,0,0,0,0,6.3,
Aaron,Ramsdale,17,4.4,94,0,0,3,2610,1.4,100.0
Cameron,Archer,17,4.8,56,2,0,2,1410,1.1,
Lesley,Ugochukwu,17,4.4,45,1,1,1,1567,0.3,100.0
Ryan,Fraser,17,4.8,7,0,0,0,303,0.0,100.0
Samuel,Amo-Ameyaw,17,4.4,1,0,0,0,26,0.1,0.0
Joe,Aribo,17,4.9,72,3,0,1,2007,0.1,
Adam,Armstrong,17,5.1,45,2,3,2,1246,0.5,0.0
Gavin,Bazunu,17,4.3,0,0,0,0,0,0.1,0.0
Jan,Bednarek,17,4.0,60,2,0,3,2531,2.0,100.0
Armel,Bella-Kotchap,17,3.9,2,0,0,0,329,0.4,
James,Bree,17,3.9,23,0,1,1,1070,0.3,100.0
Shea,Charles,17,4.5,0,0,0,0,0,0.0,0.0
Samuel,Edozie,17,4.9,1,0,0,0,64,0.0,0.0
Ronnie,Edwards,17,3.9,1,0,0,0,12,0.2,0.0
Taylor,Harwood-Bellis,17,3.9,55,1,0,3,2824,4.3,100.0
Kamaldeen,Sulemana,17,5.0,51,1,2,3,1316,0.0,100.0
Adam,Lallana,17,5.0,17,0,2,0,352,0.0,100.0
Juan,Larios López,17,3.9,0,0,0,0,0,0.1,100.0
Mateusz,Lis,17,4.0,0,0,0,0,0,0.1,0.0
Joe,Lumley,17,4.0,8,0,0,0,270,0.4,
Ryan,Manning,17,4.3,34,0,2,1,1458,0.1,100.0
Sékou,Mara,17,5.0,0,0,0,0,0,0.0,0.0
Alex,McCarthy,17,4.2,12,0,0,0,450,0.1,
Paul,Onuachu,17,4.9,50,4,1,1,1018,0.3,100.0
Will,Smallbone,17,5.0,25,1,0,0,668,0.0,100.0
Jack,Stephens,17,4.0,31,1,0,2,1389,0.3,100.0
Ross,Stewart,17,4.4,11,0,0,1,313,1.7,100.0
Sugawara,Yukinari,17,4.2,42,1,1,2,1458,0.1,100.0
Charlie,Taylor,17,3.9,5,0,0,0,263,3.1,100.0
Kyle,Walker-Peters,17,4.2,54,0,3,2,2918,0.3,50.0
Nathan,Wood-Gordon,17,3.9,13,0,0,1,681,1.0,100.0
Maxwel,Cornet,17,4.7,1,0,0,0,71,0.0,0.0
Flynn,Downes,17,4.7,46,1,0,4,2059,0.0,100.0
Ben,Brereton Díaz,17,4.8,13,0,0,0,446,0.1,0.0
Tyler,Dibling,17,4.3,68,2,2,3,1863,1.4,100.0
Mateus Gonçalo,Espanha Fernandes,17,5.0,89,2,3,5,2821,0.1,100.0
Joseph,O'Brien-Whitmarsh,17,4.5,0,0,0,0,0,0.0,0.0
Welington Damascena,Santos,17,4.0,13,0,0,1,388,0.0,
Joachim,Kayi-Sanda,17,4.0,1,0,0,0,8,0.0,
Albert,Grønbæk,17,4.9,6,0,0,0,141,0.0,100.0
Simon,Rusk,17,0.5,37,0,0,0,0,0.1,100.0
Jay,Robinson,17,4.4,3,0,0,0,56,0.0,
Dominic,Solanke-Mitchell,18,7.3,101,8,5,4,2134,4.6,100.0
Ashley,Phillips,18,4.0,0,0,0,0,0,0.1,0.0
Brandon,Austin,18,4.0,1,0,0,0,90,0.4,
Rodrigo,Bentancur,18,4.9,48,2,0,3,1575,0.1,100.0
Lucas,Bergvall,18,4.4,44,0,2,3,1200,0.8,0.0
Yves,Bissouma,18,4.8,49,2,0,3,1372,0.2,100.0
Bryan,Gil Salvatierra,18,5.0,0,0,0,0,0,0.0,0.0
Ben,Davies,18,4.3,29,0,0,3,1305,0.2,100.0
Alfie,Devine,18,4.5,0,0,0,0,0,0.0,0.0
Radu,Drăgușin,18,4.3,24,0,0,2,1250,0.1,0.0
Emerson,Leite de Souza Junior,18,4.5,0,0,0,0,0,0.0,0.0
Fraser,Forster,18,4.3,19,0,0,1,630,0.3,
Archie,Gray,18,4.6,43,0,0,2,1660,0.2,100.0
Pierre-Emile,Højbjerg,18,5.0,0,0,0,0,0,0.0,0.0
Brennan,Johnson,18,6.2,135,11,6,2,2081,2.3,100.0
Dejan,Kulusevski,18,6.2,117,7,4,6,2386,2.2,0.0
Giovani,Lo Celso,18,4.9,0,0,0,0,0,0.0,0.0
James,Maddison,18,7.4,133,9,8,6,1799,3.9,0.0
Pedro,Porro,18,5.2,99,2,6,6,2516,16.7,100.0
Sergio,Reguilón,18,4.1,2,0,0,0,194,0.2,
Richarlison,de Andrade,18,6.8,34,4,1,1,473,0.4,100.0
Cristian,Romero,18,4.9,49,1,1,3,1416,3.5,100.0
Pape Matar,Sarr,18,4.7,70,3,2,2,1856,0.2,100.0
Dane,Scarlett,18,4.4,6,0,1,0,31,0.7,0.0
Manor,Solomon,18,5.4,0,0,0,0,0,0.0,0.0
Son,Heung-min,18,9.7,129,7,10,4,2106,4.1,100.0
Djed,Spence,18,4.4,51,1,2,3,1783,0.8,100.0
Destiny,Udogie,18,4.8,43,0,1,2,1833,1.5,100.0
Micky,van de Ven,18,4.5,31,0,2,2,949,2.4,100.0
Alejo,Véliz,18,5.0,0,0,0,0,0,0.0,0.0
Guglielmo,Vicario,18,4.8,65,0,0,4,2070,1.8,100.0
Timo,Werner,18,6.2,34,0,3,1,504,0.1,100.0
Alfie,Whiteman,18,3.9,0,0,0,0,0,1.7,
Will,Lankshear,18,4.5,3,0,0,0,10,1.0,0.0
Mikey,Moore,18,4.5,19,0,2,0,359,0.2,100.0
Wilson,Odobert,18,5.3,33,1,0,1,798,0.0,100.0
Callum,Olusesi,18,4.5,0,0,0,0,0,0.0,
Malachi,Hardy,18,4.0,0,0,0,0,0,0.0,
Luca,Williams-Barnett,18,4.5,0,0,0,0,0,0.0,0.0
Alfie,Dorrington,18,4.0,1,0,0,0,13,0.0,0.0
Maeson,King,18,4.0,0,0,0,0,0,0.0,
Antonín,Kinsky,18,4.1,17,0,0,1,540,0.1,
Min-Hyeok,Yang,18,4.5,0,0,0,0,0,0.0,0.0
Damola,Ajayi,18,4.5,0,0,0,0,0,0.0,
Ange,Postecoglou,18,1.1,57,0,0,0,0,0.6,
Dante,Cassanova,18,4.0,0,0,0,0,0,0.0,
Kevin,Danso,18,4.4,16,0,0,1,752,0.0,100.0
Mathys,Tel,18,5.8,37,2,1,2,826,0.1,
Evan,Ferguson,19,5.5,28,1,0,1,385,0.2,100.0
Aaron,Wan-Bissaka,19,4.4,113,2,5,6,3064,5.4,100.0
Edson,Álvarez Velázquez,19,5.0,38,0,1,3,1690,0.1,100.0
Michail,Antonio,19,5.2,42,1,4,4,834,0.8,0.0
Alphonse,Areola,19,4.2,69,0,0,4,2259,7.0,100.0
Jarrod,Bowen,19,7.8,180,12,10,8,2884,13.9,100.0
Vladimír,Coufal,19,4.1,26,0,0,2,1038,0.4,100.0
Aaron,Cresswell,19,3.9,35,0,0,3,817,1.7,100.0
George,Earthy,19,4.5,0,0,0,0,0,0.0,0.0
Emerson,Palmieri dos Santos,19,4.4,76,2,1,5,2108,0.6,100.0
Łukasz,Fabiański,19,3.9,36,0,0,2,1070,10.2,100.0
Wes,Foderingham,19,4.2,0,0,0,0,0,0.1,
Danny,Ings,19,4.8,32,1,3,0,270,1.2,100.0
Max,Kilman,19,4.3,81,0,1,6,3258,1.3,100.0
Mohammed,Kudus,19,6.2,99,4,4,7,2572,2.5,100.0
Luis Guilherme,Lira dos Santos,19,4.6,12,0,0,0,139,0.0,
Lucas,Tolentino Coelho de Lima,19,5.7,79,4,1,4,2364,0.9,100.0
Konstantinos,Mavropanos,19,4.3,43,0,0,2,1945,0.1,100.0
Nayef,Aguerd,19,4.4,0,0,0,0,0,0.0,0.0
Tomáš,Souček,19,4.8,124,9,2,7,2473,1.4,100.0
James,Ward-Prowse,19,6.1,42,0,2,5,1354,0.5,100.0
Kurt,Zouma,19,4.4,0,0,0,0,0,0.1,0.0
Andy,Irving,19,4.7,9,0,0,0,161,0.0,
Crysencio,Summerville,19,5.5,33,1,1,2,776,0.3,0.0
Guido,Rodríguez,19,4.8,32,0,0,4,1136,0.1,100.0
Niclas,Füllkrug,19,6.7,40,3,2,2,711,0.8,100.0
Jean-Clair,Todibo,19,4.2,52,0,0,5,1734,0.3,100.0
Kaelan,Casey,19,4.0,1,0,0,0,1,0.2,100.0
Carlos,Soler,19,5.0,47,1,1,2,1394,0.0,100.0
Ollie,Scarles,19,4.0,27,0,0,2,588,0.1,
Ezra,Mayers,19,4.0,0,0,0,0,0,0.0,
Lewis,Orford,19,4.5,2,0,0,0,47,0.0,
Graham,Potter,19,0.5,75,0,0,0,0,2.4,
Sam,Johnstone,20,4.1,12,0,0,0,630,0.3,0.0
Rayan,Aït-Nouri,20,5.1,123,4,7,7,2958,15.6,100.0
Boubacar,Traoré,20,4.8,1,0,0,0,1,0.0,100.0
Jean-Ricner,Bellegarde,20,4.9,84,2,6,6,1573,0.2,100.0
Daniel,Bentley,20,3.9,7,0,0,1,90,1.7,
Francisco Jorge,Tomás Oliveira,20,4.5,1,0,0,0,6,0.1,0.0
Tawanda,Chirewa,20,4.5,0,0,0,0,0,0.0,0.0
Leon,Chiwome,20,4.4,0,0,0,0,0,1.1,0.0
Luke,Cundle,20,4.5,0,0,0,0,0,0.1,0.0
Matheus,Santos Carneiro Da Cunha,20,7.1,175,15,7,7,2483,14.1,100.0
Craig,Dawson,20,4.2,17,0,1,1,969,0.1,100.0
Matt,Doherty,20,4.3,73,2,1,6,2019,0.3,100.0
Tommy,Doyle,20,4.7,28,0,1,0,474,0.0,
Fábio,Silva,20,5.0,0,0,0,0,0,0.1,0.0
Nathan,Fraser,20,4.5,0,0,0,0,0,1.0,0.0
Enso,González,20,4.4,0,0,0,0,0,0.0,0.0
Gonçalo Manuel,Ganchinho Guedes,20,5.3,58,2,4,3,825,0.1,100.0
Hugo,Bueno López,20,4.5,0,0,0,0,0,0.0,0.0
Hwang,Hee-chan,20,6.1,36,2,1,0,637,0.2,75.0
Joe,Hodge,20,4.5,0,0,0,0,0,0.2,0.0
Ki-Jana,Hoever,20,4.0,0,0,0,0,0,0.1,0.0
João Victor,Gomes da Silva,20,4.9,85,3,1,6,2840,0.2,100.0
José,Malheiro de Sá,20,4.4,89,0,0,7,2520,2.9,100.0
Saša,Kalajdžić,20,4.8,0,0,0,0,0,0.0,0.0
Tom,King,20,4.0,0,0,0,0,0,1.2,
Mario,Lemina,20,4.8,47,1,3,1,1363,0.1,0.0
Yerson,Mosquera,20,3.8,3,0,0,0,441,0.7,0.0
Nélson,Cabral Semedo,20,4.5,83,0,4,8,2754,0.6,100.0
Pedro,Cardoso de Lima,20,3.9,2,0,0,0,69,1.2,100.0
Daniel,Castelo Podence,20,5.5,2,0,0,0,46,0.0,0.0
Rodrigo,Martins Gomes,20,5.1,39,2,0,1,689,0.1,100.0
Santiago,Bueno,20,4.3,51,0,0,5,1675,0.1,100.0
Pablo,Sarabia,20,5.0,48,3,2,1,734,0.1,100.0
Jørgen,Strand Larsen,20,5.2,130,13,2,7,2496,2.9,100.0
Toti António,Gomes,20,4.3,78,0,1,8,2433,0.3,100.0
Bastien,Meupiyou,20,3.9,0,0,0,0,0,0.2,100.0
André,Trindade da Costa Neto,20,5.0,58,0,0,7,2337,0.0,100.0
Carlos Roberto,Forbs Borges,20,5.4,9,0,0,0,236,0.0,100.0
Alfie,Pond,20,3.9,1,0,0,0,1,0.7,
Tom,Edozie,20,4.5,0,0,0,0,0,0.0,
Wes,Okoduwa,20,4.0,0,0,0,0,0,0.0,
Emmanuel,Agbadou,20,4.0,38,0,0,4,1230,0.4,100.0
Vítor Manuel,de Oliveira Lopes Pereira,20,0.8,100,0,0,0,0,2.2,
Nasser,Djiga,20,4.5,4,0,0,0,20,0.0,
Marshall,Munetsi,20,5.0,40,1,2,5,968,0.1,100.0
Mateus,Mané,20,4.5,1,0,0,0,1,0.0,
